pais1,pais2
1,107
1,223
1,534
1,549
1,598
1,649
1,708
1,774
1,815
1,832
1,857
1,868
1,930
2,50
2,93
2,131
2,166
2,265
2,341
2,367
2,532
2,537
2,699
2,743
2,753
2,882
2,910
3,46
3,90
3,148
3,150
3,158
3,282
3,361
3,417
3,795
3,964
4,90
4,122
4,136
4,252
4,456
4,630
4,674
4,705
4,715
4,831
5,20
5,156
5,249
5,335
5,484
5,505
5,529
5,687
5,724
5,763
5,776
5,888
5,954
6,619
6,652
6,666
6,684
6,693
6,852
6,979
7,114
7,129
7,202
7,322
7,463
7,581
7,615
7,704
7,736
8,267
8,345
8,367
8,543
8,549
8,724
8,754
8,762
8,973
9,29
9,40
9,45
9,285
9,302
9,389
9,421
9,422
9,506
9,544
9,553
9,787
9,832
9,866
9,902
9,907
10,13
10,215
10,238
10,339
10,357
10,473
10,616
10,667
10,670
10,887
10,977
11,120
11,276
11,296
11,301
11,332
11,409
11,571
11,668
11,672
11,676
11,933
12,79
12,104
12,124
12,278
12,455
12,458
12,472
12,554
12,730
12,946
13,109
13,391
13,412
13,831
13,848
13,949
14,20
14,46
14,103
14,274
14,377
14,616
14,900
14,952
15,145
15,239
15,296
15,395
15,434
15,476
15,528
15,746
15,862
15,864
15,981
16,39
16,98
16,290
16,319
16,367
16,376
16,398
16,537
16,773
16,843
17,18
17,43
17,226
17,292
17,379
17,459
17,480
17,513
17,719
17,756
17,839
17,860
17,898
17,933
18,105
18,133
18,238
18,390
18,413
18,601
18,638
18,672
18,692
18,906
19,220
19,248
19,291
19,463
19,558
19,559
19,911
20,87
20,124
20,291
20,300
20,320
20,450
20,463
20,465
20,514
20,746
20,853
20,911
20,922
21,48
21,86
21,150
21,238
21,268
21,356
21,952
22,118
22,293
22,365
22,505
22,519
22,603
22,845
22,973
23,376
23,587
23,588
23,664
23,738
23,799
23,926
24,90
24,132
24,151
24,290
24,313
24,344
24,574
24,710
24,729
24,801
24,860
24,908
24,994
25,31
25,148
25,435
25,578
25,603
25,635
25,653
25,781
25,933
25,962
26,48
26,123
26,199
26,252
26,336
26,497
26,508
26,795
26,806
26,850
26,865
26,958
27,282
27,324
27,379
27,390
27,531
27,615
27,667
27,824
27,923
28,33
28,194
28,327
28,341
28,372
28,528
28,612
28,618
28,685
28,703
28,706
28,765
28,784
28,790
29,43
29,79
29,271
29,330
29,375
29,577
29,727
30,62
30,137
30,280
30,453
30,572
30,581
30,854
30,871
30,897
30,981
30,996
31,58
31,119
31,216
31,278
31,481
31,484
31,580
31,826
31,843
31,846
32,44
32,53
32,323
32,390
32,435
32,554
32,705
32,729
32,739
32,757
32,845
32,847
32,867
32,974
33,131
33,431
33,698
33,795
33,806
33,841
33,865
34,423
34,424
34,524
34,537
34,593
34,907
34,952
34,984
35,349
35,395
35,505
35,801
35,978
36,49
36,159
36,231
36,263
36,397
36,454
36,586
36,658
36,676
36,687
36,699
36,958
37,162
37,215
37,239
37,833
37,857
37,980
38,138
38,209
38,435
38,451
38,755
38,794
38,958
39,65
39,106
39,140
39,371
39,388
39,435
39,564
39,654
39,754
39,802
39,813
39,943
39,947
40,91
40,173
40,192
40,197
40,212
40,304
40,328
40,464
40,589
40,607
40,767
40,841
40,850
40,882
40,915
41,483
41,517
41,525
41,538
41,586
41,922
41,979
42,612
42,792
42,828
42,838
42,985
43,60
43,288
43,561
43,693
43,696
43,740
43,815
43,905
43,912
43,964
44,157
44,189
44,227
44,289
44,291
44,341
44,646
44,655
44,808
44,912
44,913
45,51
45,82
45,155
45,182
45,202
45,318
45,401
45,616
45,771
45,820
45,937
45,961
46,198
46,254
46,278
46,302
46,412
46,448
46,542
46,646
46,647
46,857
47,64
47,96
47,488
47,545
48,92
48,210
48,427
48,487
48,503
48,572
48,692
48,906
49,221
49,222
49,390
49,498
49,580
49,690
49,811
49,999
50,179
50,400
50,594
50,688
50,763
51,71
51,91
51,104
51,368
51,521
51,791
51,955
51,974
52,484
52,504
52,548
52,667
52,671
52,959
53,197
53,216
53,261
53,283
53,334
53,600
53,938
54,67
54,178
54,227
54,574
54,633
54,700
54,906
55,68
55,113
55,285
55,431
55,515
55,700
55,994
56,76
56,202
56,239
56,334
56,414
56,776
56,804
56,838
56,917
56,985
57,149
57,165
57,248
57,283
57,331
57,588
57,722
57,975
58,124
58,244
58,279
59,412
59,488
59,565
59,702
59,729
59,920
60,125
60,216
60,293
60,323
60,440
60,456
60,503
60,525
60,538
60,559
60,562
60,578
60,662
60,749
61,251
61,292
61,309
61,578
61,846
61,937
61,949
61,954
62,76
62,184
62,362
62,475
62,602
62,653
62,717
62,897
63,191
63,420
63,438
63,672
63,786
63,791
63,856
63,999
64,102
64,260
64,325
64,732
64,809
64,868
64,940
64,968
64,973
65,198
65,360
65,563
65,618
65,633
65,677
65,680
65,963
65,966
66,244
66,329
66,436
66,466
66,522
66,543
66,763
66,777
66,779
66,902
67,329
67,352
67,418
67,603
67,630
67,645
67,760
67,870
68,186
68,406
68,471
68,696
68,901
69,155
69,389
69,879
69,946
70,79
70,83
70,238
70,699
70,979
71,91
71,379
71,403
71,417
71,517
71,670
71,735
71,812
71,865
71,936
71,998
72,150
72,306
72,387
72,403
72,411
72,422
72,449
72,531
72,654
72,785
73,97
73,112
73,166
73,174
73,274
73,287
73,444
73,473
73,594
73,616
73,665
73,790
73,820
73,867
73,890
74,101
74,324
74,337
74,346
74,352
74,384
74,390
74,460
74,472
74,505
74,552
74,593
74,708
74,717
74,881
75,196
75,313
75,400
75,604
75,657
75,744
75,807
75,889
76,155
76,275
76,536
76,614
76,628
76,684
76,695
76,940
76,987
77,164
77,247
77,417
77,601
77,716
78,402
78,430
78,526
78,756
78,810
78,812
78,818
78,831
78,832
78,862
78,888
78,889
78,900
78,924
79,306
79,728
79,848
79,899
80,195
80,277
80,396
80,552
80,892
80,907
81,103
81,139
81,153
81,257
81,284
81,300
81,320
81,321
81,382
81,579
81,645
81,747
81,796
81,827
81,845
81,916
81,953
81,977
81,999
82,192
82,336
82,352
82,406
82,551
82,656
82,798
82,838
83,491
83,525
83,573
83,658
83,664
83,669
83,962
84,260
84,606
84,607
84,616
84,678
84,760
84,827
85,113
85,184
85,269
85,386
85,421
85,686
85,756
85,874
85,883
86,95
86,285
86,501
86,580
86,695
86,711
86,761
86,813
86,867
87,98
87,249
87,388
87,497
87,643
87,654
87,666
87,670
87,705
87,784
87,970
88,388
88,479
88,552
88,622
88,861
89,135
89,200
89,251
89,310
89,344
89,369
89,403
89,539
89,569
89,584
89,701
89,908
90,342
90,475
90,496
90,541
90,609
90,772
91,96
91,131
91,172
91,581
91,607
91,660
91,698
91,711
91,901
92,113
92,133
92,234
92,344
92,562
92,593
92,736
92,763
92,786
92,861
92,893
92,942
93,130
93,197
93,243
93,253
93,311
93,331
93,764
93,818
93,836
94,158
94,216
94,358
94,410
94,513
94,534
94,601
94,609
94,618
94,742
94,773
94,796
94,977
95,140
95,150
95,161
95,186
95,493
95,551
95,569
95,620
95,624
95,678
95,739
95,819
96,493
96,532
96,635
96,682
96,935
97,120
97,289
97,411
97,614
97,663
97,725
97,872
98,213
98,437
98,488
98,643
98,997
99,421
99,433
99,438
99,682
99,708
100,107
100,170
100,327
100,367
100,426
100,532
100,543
100,630
100,812
101,154
101,443
101,471
101,692
101,726
101,762
102,122
102,235
102,327
102,408
102,518
102,596
103,122
103,281
103,341
103,396
103,855
103,866
103,873
104,114
104,180
104,225
104,283
104,311
104,320
104,357
104,375
104,563
104,830
104,872
104,877
104,918
105,286
105,411
105,587
105,691
105,698
105,734
105,808
105,832
105,833
105,973
106,128
106,275
106,500
106,590
106,604
106,707
106,881
106,905
106,988
106,997
107,181
107,330
107,518
107,651
107,983
108,122
108,172
108,174
108,268
108,405
108,549
108,935
109,150
109,284
109,334
109,340
109,351
109,392
109,407
109,466
109,737
109,947
109,952
109,972
110,476
110,527
110,554
110,674
110,700
110,743
110,829
110,860
111,381
111,444
111,445
111,490
111,538
111,631
111,692
111,844
111,862
111,913
112,289
112,484
112,635
112,767
112,926
113,253
113,496
113,512
113,636
113,762
113,782
113,808
113,908
114,174
114,400
114,602
114,632
114,775
114,832
114,848
115,387
115,445
115,691
115,746
115,968
116,195
116,421
116,490
116,595
116,618
116,816
116,822
116,939
117,256
117,642
117,929
117,946
117,954
117,978
117,979
118,494
118,546
118,659
118,686
118,900
119,423
119,540
119,566
119,640
119,748
119,772
119,881
119,902
120,258
120,400
120,480
120,534
120,740
120,754
120,902
120,925
120,985
120,994
121,168
121,323
121,381
121,647
121,692
121,832
121,857
122,232
122,649
122,685
122,754
122,796
122,862
122,886
123,231
123,273
123,278
123,415
123,513
123,535
123,544
123,656
123,880
124,132
124,170
124,728
124,787
124,816
124,825
124,957
124,973
125,276
125,365
125,415
125,416
125,508
125,581
125,614
125,695
125,711
125,786
125,954
126,169
126,301
126,321
126,361
126,439
126,893
126,927
127,330
127,359
127,366
127,547
127,556
127,598
127,718
127,741
127,828
127,979
128,169
128,277
128,322
128,517
128,588
128,610
128,625
128,936
128,938
129,168
129,321
129,348
129,816
129,907
129,977
129,986
130,366
130,510
130,638
131,341
131,425
131,469
131,520
131,602
131,748
131,866
131,883
131,889
131,956
131,982
132,336
132,364
132,501
132,605
132,680
132,821
132,833
132,909
132,931
132,964
133,191
133,433
133,474
133,574
133,691
134,309
134,311
134,440
134,652
134,872
134,958
135,208
135,219
135,254
135,351
135,365
135,398
135,418
135,539
135,541
135,840
135,895
135,915
136,180
136,215
136,359
136,381
136,787
136,794
136,980
137,144
137,564
137,743
137,937
138,345
138,446
138,461
138,525
138,990
139,316
139,497
139,941
139,969
140,143
140,215
140,219
140,385
140,403
140,643
140,648
140,914
141,216
141,252
141,284
141,497
141,656
141,802
141,808
141,829
141,958
141,969
141,983
142,353
142,475
142,641
142,762
143,344
143,458
143,648
143,781
144,266
144,587
144,589
144,730
144,889
145,152
145,240
145,259
145,331
145,555
145,783
145,866
145,886
145,972
146,233
146,257
146,273
146,337
146,501
146,535
146,949
147,222
147,367
147,392
147,682
147,697
147,747
147,901
148,184
148,293
148,417
148,794
148,809
148,917
148,929
149,179
149,191
149,366
149,376
149,487
149,610
149,649
149,658
149,853
149,884
149,893
149,945
149,971
150,188
150,345
150,398
150,529
150,545
150,546
150,709
151,182
151,225
151,280
151,344
151,401
151,708
151,864
151,889
152,288
152,325
152,610
152,619
152,646
152,792
152,861
152,950
153,165
153,307
153,356
153,593
153,622
153,642
153,700
153,956
153,980
153,981
154,260
154,299
154,350
154,401
154,538
154,542
154,694
154,717
154,814
154,854
154,921
154,964
155,379
155,392
155,438
155,464
155,487
155,607
155,619
155,730
155,822
155,890
156,255
156,403
156,439
156,472
156,475
156,490
156,630
156,639
156,728
156,844
156,858
156,999
157,249
157,397
157,442
157,478
157,750
157,810
158,301
158,404
158,507
158,530
158,533
158,568
158,807
158,818
158,892
158,919
159,187
159,202
159,316
159,324
159,336
159,437
159,529
159,586
159,634
159,701
159,955
159,968
159,976
160,199
160,439
160,464
160,544
160,720
160,760
160,790
160,801
160,845
161,340
161,388
161,444
161,507
161,569
161,608
161,852
161,890
162,170
162,377
162,623
162,733
162,909
162,949
163,181
163,191
163,379
163,419
163,486
163,692
163,737
163,787
163,838
163,935
163,959
163,987
164,349
164,373
164,554
164,607
164,734
164,788
164,837
164,889
164,920
164,972
164,983
165,262
165,286
165,459
165,637
165,761
165,881
166,173
166,287
166,560
166,602
166,861
166,926
166,995
167,179
167,581
167,682
167,772
167,782
167,841
167,993
168,243
168,246
168,259
168,479
168,574
168,603
168,766
168,870
169,214
169,233
169,313
169,374
169,462
169,565
169,727
169,735
169,800
170,413
170,425
170,441
170,609
170,639
170,721
170,759
170,948
171,317
171,429
171,526
171,744
171,815
171,832
171,837
171,969
172,199
172,258
172,295
172,502
172,581
172,608
172,627
172,677
172,680
172,953
173,282
173,319
173,395
173,407
173,416
173,581
173,596
173,749
173,843
174,295
174,427
174,633
174,637
174,728
174,883
175,302
175,304
175,433
175,563
175,943
176,234
176,335
176,438
176,450
176,484
176,508
176,835
176,942
176,988
177,288
177,297
177,322
177,441
177,523
177,560
177,941
177,960
177,990
177,999
178,186
178,232
178,306
178,558
178,560
178,747
179,186
179,275
179,401
179,525
179,533
179,551
179,810
180,197
180,287
180,333
180,363
180,626
180,700
180,746
180,816
180,853
180,938
181,327
181,359
181,381
181,416
181,766
182,277
182,369
182,399
182,408
182,569
182,635
182,757
182,918
183,374
183,379
183,442
183,454
183,735
183,763
183,879
183,925
184,267
184,273
184,276
184,340
184,365
184,388
184,457
184,511
184,602
184,614
184,622
184,674
184,679
184,837
184,851
185,702
185,767
186,244
186,375
186,419
186,485
186,594
186,603
186,641
186,702
186,925
187,224
187,669
187,709
187,782
187,833
187,837
187,893
187,947
188,324
188,418
188,561
188,722
188,731
188,989
188,992
189,233
189,244
189,393
189,412
189,487
189,568
189,586
189,611
189,865
189,885
190,251
190,612
190,696
190,896
190,906
190,977
191,254
191,308
191,350
191,431
191,558
191,692
191,801
191,864
191,990
192,386
192,403
192,522
192,548
192,586
192,680
192,686
192,760
192,802
192,876
193,249
193,290
193,380
193,709
193,713
193,729
193,737
193,869
194,201
194,259
194,318
194,350
194,439
194,443
194,532
194,545
194,949
194,996
195,295
195,345
195,583
195,596
195,608
195,649
195,673
195,682
195,702
195,720
195,823
195,932
196,390
196,397
196,546
196,584
196,598
196,684
196,957
196,983
197,312
197,334
197,464
197,770
197,912
197,990
198,333
198,464
198,646
198,729
198,732
198,949
199,253
199,318
199,445
199,494
199,533
199,617
199,756
199,801
199,939
199,985
200,348
200,510
200,513
200,685
200,912
201,224
201,235
201,254
201,333
201,401
201,470
201,651
201,653
201,778
201,863
201,974
202,205
202,236
202,251
202,263
202,336
202,461
202,627
202,636
202,673
202,837
203,283
203,365
203,548
203,570
203,586
203,669
203,712
203,720
203,726
203,790
203,799
203,858
203,910
204,241
204,297
204,464
204,471
204,536
204,690
204,724
204,833
204,925
204,953
205,279
205,498
205,986
206,341
206,343
206,387
206,426
206,430
206,433
206,480
206,578
206,645
206,672
206,879
206,903
206,911
207,226
207,292
207,649
207,667
207,674
207,715
207,732
207,772
207,825
207,997
208,366
208,582
208,827
208,958
208,962
209,244
209,347
209,406
209,483
209,595
209,619
209,668
209,871
209,905
209,941
210,445
210,498
210,500
210,590
210,641
210,674
210,677
210,689
210,697
210,718
210,753
210,895
211,245
211,412
211,466
211,631
211,788
211,896
212,294
212,316
212,352
212,354
212,598
212,630
212,811
212,890
212,987
213,285
213,354
213,385
213,534
213,636
213,749
213,862
213,905
213,959
214,355
214,474
214,485
214,688
214,819
215,305
215,313
215,479
215,543
215,576
215,664
215,737
215,803
215,869
215,873
215,947
216,230
216,445
216,454
216,601
216,614
216,616
216,739
216,824
216,933
216,979
216,985
217,235
217,250
217,417
217,623
217,636
217,735
217,774
218,291
218,572
218,592
218,787
218,808
219,221
219,226
219,348
219,365
219,384
219,462
219,594
219,879
219,939
220,424
220,480
220,680
220,992
221,319
221,331
221,372
221,403
221,514
221,664
221,889
222,265
222,434
222,496
222,508
222,616
222,621
222,792
222,835
222,864
222,876
223,451
223,541
223,577
223,621
223,785
223,840
223,899
223,902
224,262
224,442
224,482
224,488
224,569
224,658
224,791
225,313
225,337
225,560
225,681
225,741
225,866
225,895
225,939
226,250
226,255
226,284
226,382
226,412
226,645
226,653
226,676
226,758
226,849
226,921
226,950
226,995
227,242
227,254
227,316
227,441
227,635
227,743
227,777
227,819
227,840
227,845
227,978
228,280
228,304
228,352
228,372
228,449
228,450
228,568
228,598
228,666
228,681
228,873
229,262
229,269
229,292
229,341
229,407
229,451
229,591
229,729
229,860
230,264
230,284
230,365
230,385
230,399
230,451
231,279
231,418
231,539
231,556
232,370
232,433
232,441
232,455
232,505
232,547
232,614
232,703
232,975
233,250
233,520
233,578
233,648
233,677
233,824
233,960
234,271
234,321
234,637
234,704
234,761
234,783
234,803
234,883
234,932
235,326
235,382
235,384
235,464
235,599
235,818
235,868
236,238
236,266
236,341
236,519
236,857
236,876
237,264
237,346
237,396
237,600
237,678
237,815
237,817
237,841
238,257
238,295
238,299
238,479
238,488
238,505
238,565
238,617
238,694
238,745
238,747
238,809
239,263
239,300
239,301
239,355
239,471
239,477
239,501
239,538
239,737
240,458
240,533
240,557
240,655
240,661
240,913
241,342
241,377
241,398
241,410
241,569
241,600
241,606
241,611
242,243
242,309
242,330
242,421
242,533
242,574
242,692
243,293
243,373
243,439
243,560
243,747
243,793
243,852
244,287
244,478
244,742
244,801
244,927
245,301
245,422
245,491
245,593
245,635
245,666
245,693
245,891
245,913
246,418
246,468
246,511
246,527
246,578
246,650
246,711
246,780
246,794
246,953
247,288
247,483
247,580
247,677
247,733
247,941
247,950
248,416
248,611
248,704
248,709
248,726
248,812
249,443
249,457
249,485
249,750
249,765
249,845
249,927
249,931
249,949
249,958
250,303
250,339
250,380
250,386
250,414
250,545
250,710
250,784
251,553
251,588
251,598
251,603
251,695
251,696
251,936
252,289
252,340
252,443
252,489
252,532
252,593
252,671
252,691
252,757
252,898
252,914
252,928
252,997
253,315
253,340
253,391
253,433
253,519
253,528
253,567
253,672
253,837
253,878
253,971
254,261
254,287
254,388
254,436
254,513
254,595
254,604
254,631
254,686
254,785
254,849
254,876
254,922
255,289
255,296
255,347
255,384
255,457
255,479
255,530
255,774
255,832
255,858
256,346
256,605
256,824
256,901
256,943
256,958
257,293
257,337
257,464
257,530
257,583
257,664
257,747
257,909
257,916
257,938
258,426
258,635
258,726
259,687
259,689
259,792
259,854
259,877
259,917
259,947
260,409
260,451
260,465
260,552
260,569
260,602
260,671
260,693
260,750
260,784
260,829
260,832
260,973
261,379
261,381
261,433
261,521
261,656
261,714
261,731
261,755
261,824
262,361
262,416
262,914
262,972
263,311
263,482
263,484
263,488
263,762
263,872
264,561
264,710
264,841
265,317
265,348
265,437
265,471
265,579
265,673
265,936
266,278
266,330
266,441
266,469
266,568
266,608
266,636
266,725
267,358
267,446
267,561
267,590
267,690
267,801
267,837
267,939
267,997
268,275
268,353
268,464
268,503
268,673
268,709
268,821
268,859
269,320
269,684
269,776
269,830
269,845
269,847
270,272
270,317
270,550
270,601
270,695
270,702
270,710
270,763
271,404
271,416
271,547
271,733
271,738
271,951
272,309
272,334
272,355
272,427
272,533
272,559
272,685
272,785
273,359
273,411
273,434
273,609
273,639
273,641
273,787
273,815
273,869
273,924
274,300
274,548
274,648
274,935
275,277
275,305
275,405
275,431
275,496
275,511
275,618
275,916
275,989
276,302
276,353
276,458
276,507
276,535
276,644
276,669
277,439
277,520
277,619
277,777
278,313
278,341
278,368
278,517
278,630
278,751
278,815
279,707
279,899
280,395
280,403
280,478
280,532
280,538
280,624
280,641
280,667
280,672
280,715
281,639
281,823
281,881
281,930
282,309
282,388
282,409
282,507
282,650
282,729
282,918
282,926
282,961
283,383
283,633
283,651
283,710
283,823
283,844
283,965
283,966
283,975
284,339
284,358
284,468
284,512
284,601
284,604
284,623
284,715
284,801
284,903
284,935
284,950
284,960
285,334
285,517
285,617
285,640
285,813
285,987
286,426
286,473
287,290
287,380
287,404
287,519
287,689
287,697
287,765
287,807
287,959
288,355
288,815
288,848
288,853
289,361
289,371
289,395
289,487
289,565
289,601
289,762
289,873
290,295
290,349
290,427
290,530
290,749
290,779
290,914
291,499
291,577
291,654
291,659
291,715
291,787
291,828
292,301
292,465
292,522
292,598
292,788
292,846
292,881
293,367
293,390
293,613
293,646
293,650
293,739
293,743
293,760
293,783
293,790
293,800
293,970
293,978
294,365
294,486
294,564
294,634
295,368
295,443
295,493
295,752
295,834
295,861
295,864
296,360
296,382
296,433
296,509
296,515
296,541
296,562
296,619
296,625
297,319
297,341
297,470
297,537
297,563
297,702
297,716
297,803
297,826
297,831
297,985
298,308
298,368
298,385
298,479
298,615
298,656
299,304
299,383
299,620
299,746
300,427
300,491
300,936
300,977
301,526
301,586
301,608
301,644
301,653
301,691
301,694
301,736
301,781
302,386
302,437
302,440
302,570
302,579
302,663
302,809
302,844
302,933
302,998
303,353
303,407
303,414
303,445
303,525
303,540
303,606
303,622
304,379
304,425
304,638
304,733
304,774
304,831
305,316
305,320
305,327
305,417
305,521
305,540
305,618
305,808
305,846
306,341
306,378
306,451
306,589
306,594
306,614
306,735
306,748
306,837
306,880
306,978
307,308
307,411
307,470
307,476
307,504
307,592
307,874
307,876
308,373
308,382
308,926
308,974
309,321
309,473
309,717
309,939
310,391
310,487
310,523
310,565
310,734
310,761
310,775
310,800
311,571
311,605
311,652
311,762
312,640
312,780
312,793
312,826
312,856
312,899
313,404
313,476
313,529
313,555
313,640
313,679
313,701
313,707
313,814
313,880
314,334
314,363
314,422
314,461
314,470
314,566
314,698
314,858
314,878
314,948
315,395
315,499
315,805
315,905
315,910
315,915
315,935
315,963
316,404
316,781
316,870
316,890
317,538
317,745
317,810
317,940
318,455
318,504
318,537
318,688
318,900
318,974
319,347
319,387
319,483
319,490
319,495
319,568
319,735
319,788
319,798
319,950
319,988
320,503
320,626
320,766
320,793
320,826
320,852
321,418
321,564
321,586
321,665
321,863
322,375
322,551
322,555
322,875
322,956
323,329
323,346
323,369
323,482
323,503
323,513
323,649
323,801
323,967
324,437
324,454
324,640
324,699
324,732
324,871
324,901
325,326
325,427
325,430
325,471
325,476
325,498
325,610
325,640
325,715
325,741
325,862
325,876
325,882
326,442
326,547
326,605
326,651
326,759
326,824
326,893
326,898
327,344
327,408
327,512
327,562
327,595
327,772
327,811
327,994
328,476
328,605
328,609
328,712
328,815
328,968
328,979
329,530
329,653
329,680
329,876
329,927
329,966
329,974
330,344
330,412
330,446
330,453
330,524
330,660
330,755
330,934
331,343
331,350
331,460
331,467
331,486
331,750
331,865
331,972
332,390
332,630
332,764
333,361
333,542
333,616
333,655
333,801
333,992
334,408
334,486
334,571
334,717
334,726
334,884
335,383
335,431
335,512
335,555
335,861
335,874
335,948
336,367
336,705
337,347
337,381
337,426
337,449
337,452
337,454
337,471
337,514
337,654
337,811
337,931
338,426
338,517
338,608
338,717
338,796
338,812
338,953
339,424
339,426
339,489
339,594
339,634
339,790
339,825
339,865
339,934
339,951
339,958
339,999
340,493
340,508
340,528
340,540
340,991
341,421
341,428
341,684
341,754
341,938
342,366
342,447
342,488
342,524
342,676
342,757
343,416
343,448
343,500
343,504
343,580
343,687
343,743
343,760
343,995
344,353
344,449
344,487
344,715
344,724
344,934
344,950
345,473
345,499
345,513
345,751
345,820
345,956
346,356
346,450
346,610
346,735
346,849
346,856
347,370
347,436
347,520
347,586
347,592
347,714
347,754
347,762
347,831
347,943
348,518
348,613
348,674
348,708
348,813
348,846
349,626
349,649
349,772
349,960
349,995
350,409
350,550
350,564
350,659
350,677
350,736
350,780
351,565
351,813
351,894
352,372
352,431
352,522
352,536
352,727
352,755
352,902
353,410
353,465
353,526
353,599
353,766
353,933
354,364
354,744
354,772
354,817
354,966
355,486
355,575
355,576
355,698
355,812
355,825
355,968
356,384
356,554
356,573
356,620
356,899
356,913
356,980
357,502
357,630
357,737
357,864
357,912
357,934
357,986
358,425
358,700
358,734
358,926
358,927
358,956
359,447
359,488
359,489
359,744
359,757
359,937
359,970
360,492
360,776
360,849
361,417
361,428
361,441
361,785
361,866
361,947
362,912
362,936
363,430
363,542
363,546
363,603
363,840
363,966
363,991
364,423
364,555
364,673
364,798
364,819
364,928
365,405
365,422
365,425
365,598
365,805
365,832
365,843
365,874
365,943
365,964
366,549
366,622
366,834
366,986
367,529
367,702
367,717
368,388
368,425
368,798
368,826
368,850
368,893
368,941
369,385
369,568
369,650
370,519
370,675
370,744
370,862
370,927
371,374
371,467
371,560
371,567
371,668
372,397
372,409
372,525
372,528
372,602
372,639
372,739
372,755
372,812
372,926
373,406
373,450
373,540
373,828
373,912
373,926
373,971
374,388
374,490
374,568
374,709
374,730
374,731
374,774
375,509
375,607
375,619
376,380
376,388
376,487
376,500
376,702
376,735
376,963
377,416
377,577
377,778
377,812
377,828
377,909
378,503
378,594
378,596
378,661
378,794
379,473
379,611
379,714
379,728
379,845
379,856
379,975
380,405
380,515
380,529
380,573
380,618
380,625
380,631
380,741
381,391
381,643
381,799
381,810
381,821
381,852
381,978
382,394
382,405
382,426
382,464
382,707
382,969
383,456
383,461
383,575
383,810
383,834
383,863
383,991
384,402
384,644
384,993
385,690
385,834
385,865
385,875
386,493
386,519
386,626
386,999
387,513
387,621
387,698
387,767
388,419
388,464
388,486
388,532
388,589
388,671
388,834
389,541
389,731
389,933
389,994
390,485
390,604
390,610
390,834
390,878
390,936
391,424
391,553
391,644
391,789
391,792
391,848
391,855
391,974
392,610
392,753
392,860
393,437
393,479
393,495
393,520
393,597
393,694
393,958
393,967
394,568
394,583
394,595
394,619
394,621
394,872
394,902
395,582
395,605
395,664
395,735
395,746
395,948
396,471
396,655
396,656
396,667
396,792
396,795
396,925
397,399
397,513
397,558
397,679
397,731
397,856
397,909
398,414
398,516
398,561
398,567
398,780
399,469
399,617
399,833
399,955
400,430
400,469
400,566
400,589
400,663
400,808
400,869
400,970
401,490
401,605
401,692
401,715
401,767
401,846
401,892
402,496
402,604
402,630
402,633
402,803
402,976
403,454
403,466
403,481
403,500
403,549
403,556
403,583
403,619
403,750
403,843
403,910
403,939
403,944
403,945
404,441
404,473
404,512
404,551
404,591
404,640
404,846
404,922
404,998
405,459
405,836
406,567
406,754
406,885
406,933
407,890
407,964
408,684
408,729
408,784
408,799
408,842
408,968
409,464
409,532
409,736
409,779
409,818
409,821
409,847
409,856
409,912
409,955
410,625
410,819
410,845
410,960
411,650
411,661
411,878
412,493
412,510
412,588
412,640
412,831
412,941
413,511
413,549
413,598
413,781
413,816
414,452
414,492
414,598
414,645
414,896
415,568
415,792
415,801
415,875
415,910
415,922
415,969
416,505
416,540
416,761
416,776
416,919
416,979
417,521
417,585
417,617
417,688
417,817
417,884
417,928
417,971
418,433
418,479
418,912
419,435
419,441
419,507
419,608
419,621
419,801
420,442
420,627
420,658
420,667
420,695
420,897
420,908
420,947
421,548
421,640
421,870
421,888
422,515
422,710
422,965
423,434
423,445
423,493
423,512
423,607
423,658
423,699
423,726
423,761
423,957
424,448
424,486
424,577
424,628
424,705
424,818
424,822
424,907
424,932
424,952
424,977
425,487
425,538
425,640
425,738
425,933
426,525
426,556
426,586
426,617
426,630
426,760
426,873
426,937
426,943
427,506
427,540
427,619
427,638
428,481
428,566
428,572
428,590
428,705
428,728
428,859
429,470
429,497
429,501
429,612
429,674
429,750
429,808
429,953
430,790
430,881
431,498
431,542
431,767
432,510
432,710
432,728
432,841
432,898
432,977
433,457
433,539
433,718
433,881
433,939
433,973
434,448
434,602
434,709
434,710
434,859
434,877
435,472
435,524
435,577
435,676
435,987
436,511
436,557
436,583
436,586
436,646
436,713
436,894
437,527
437,663
437,712
437,758
437,823
437,881
437,952
438,459
438,543
438,919
439,527
439,586
439,617
439,634
439,849
440,504
440,519
440,631
440,667
440,841
440,900
440,942
440,975
441,468
441,496
441,505
441,527
441,591
441,602
441,717
441,901
441,930
441,997
442,626
442,777
442,914
443,493
443,504
443,636
443,857
444,538
444,610
444,756
444,789
444,908
444,921
444,958
445,568
445,595
445,637
446,465
446,668
446,738
447,509
447,700
447,793
447,943
448,685
448,694
448,858
448,874
448,945
449,637
449,669
449,697
449,704
449,717
449,895
449,914
449,974
449,984
450,562
450,614
450,616
450,663
450,740
450,812
450,930
451,463
451,524
451,604
451,608
451,645
451,812
451,877
452,466
452,579
452,598
452,640
452,730
452,762
453,603
453,971
453,985
454,560
454,572
454,588
454,651
454,845
454,911
455,660
455,743
455,822
455,918
455,980
456,472
456,636
456,645
456,825
456,907
456,947
457,637
457,733
457,849
457,871
457,891
457,921
458,471
458,753
458,769
458,778
458,873
459,533
459,579
459,812
459,820
459,907
459,966
460,614
460,638
460,851
460,924
460,949
460,993
461,527
461,565
461,698
461,707
461,796
461,809
461,850
462,569
462,894
462,931
463,725
463,827
464,470
464,513
464,522
464,834
464,925
464,954
465,738
465,813
466,515
466,632
466,711
466,825
466,847
466,882
466,942
466,958
467,541
467,807
468,588
468,641
468,756
468,826
468,959
469,513
469,810
469,853
469,915
470,582
470,591
470,723
470,725
470,917
471,624
471,659
471,673
471,709
472,622
472,643
472,669
472,718
472,816
472,836
472,838
472,859
472,891
473,487
473,523
473,659
473,695
473,696
473,717
473,750
473,804
473,896
473,962
474,479
474,528
474,552
474,680
474,704
474,742
474,808
474,847
474,911
474,964
474,996
474,998
475,594
475,623
475,663
475,692
475,705
475,832
475,877
475,924
476,708
476,734
476,775
476,792
476,882
476,936
477,493
477,977
478,494
478,497
478,524
478,592
478,683
478,706
478,766
478,823
478,907
479,503
479,612
479,686
479,729
479,754
479,780
479,863
479,905
479,943
480,481
480,508
480,586
480,677
480,791
480,810
480,813
480,815
480,842
480,895
480,899
481,612
481,708
481,736
481,737
481,749
481,753
481,757
481,798
481,932
482,629
482,633
482,701
482,725
482,772
482,785
482,847
482,856
482,979
482,984
483,511
483,671
483,713
483,797
483,982
484,533
484,570
484,629
484,665
484,667
484,768
484,822
484,876
484,886
485,611
485,670
485,847
485,914
485,954
486,528
486,655
486,804
487,612
487,619
487,775
487,811
488,649
488,711
488,775
488,815
488,908
488,916
489,538
489,579
489,691
489,773
490,718
490,872
490,878
491,828
491,852
492,515
492,601
492,733
492,884
493,747
493,898
494,634
494,702
495,500
495,553
495,625
495,820
495,891
495,998
496,544
496,572
496,594
496,890
496,984
497,554
497,605
497,620
497,675
497,727
497,782
497,814
497,837
497,909
497,942
498,527
498,549
498,572
498,695
498,914
499,860
499,992
500,527
500,541
500,688
500,769
500,794
500,854
500,858
500,882
500,885
500,912
500,994
501,664
501,811
501,833
501,930
502,754
502,870
503,745
503,807
503,841
504,733
504,874
505,944
505,950
505,983
506,623
506,627
506,738
506,965
507,540
507,631
507,686
507,738
507,747
507,835
508,535
508,543
508,702
508,769
508,788
508,876
508,971
509,913
509,968
509,996
510,539
510,569
510,583
510,588
510,900
511,575
511,624
511,663
511,902
511,908
511,950
511,960
512,538
512,592
512,637
512,661
512,727
512,833
512,987
513,536
513,612
513,666
513,856
513,857
514,541
514,560
514,625
514,652
514,679
514,736
514,879
514,992
515,517
515,690
515,705
515,847
515,849
515,876
516,575
516,626
516,643
516,821
516,863
517,578
517,615
517,764
517,808
517,950
518,985
518,988
519,573
519,981
520,764
520,879
520,891
521,631
521,854
521,976
521,979
522,539
522,680
522,689
522,802
522,827
522,956
523,591
523,658
523,742
523,760
524,570
524,687
524,852
524,867
525,660
525,707
525,816
525,831
525,917
525,964
526,537
526,546
526,625
526,690
526,800
527,679
527,684
527,697
527,753
527,821
527,893
527,963
528,766
528,842
528,866
528,949
529,590
529,720
529,916
530,552
530,669
530,832
530,959
531,637
531,683
531,705
531,873
531,929
532,560
532,640
532,684
532,766
532,787
532,919
532,989
533,952
534,561
534,858
534,892
535,597
535,674
535,742
535,824
535,826
535,908
535,943
536,584
536,586
536,763
537,765
537,941
538,551
538,593
538,732
538,835
539,593
539,684
539,733
539,787
539,825
540,750
540,754
540,788
540,814
540,976
541,558
541,634
541,644
541,885
542,545
542,768
542,770
542,784
542,840
542,901
542,913
543,574
543,605
543,639
543,777
543,834
543,959
544,680
545,606
545,773
545,834
546,611
546,613
546,623
546,677
546,851
546,877
547,634
547,713
547,797
547,854
548,678
548,682
548,763
548,987
549,688
549,738
549,763
549,828
549,848
549,850
549,858
549,867
549,913
550,963
551,638
551,738
551,767
551,915
552,580
552,806
552,941
553,591
553,671
553,710
553,924
553,974
554,607
554,785
554,809
554,859
555,693
555,694
555,767
555,804
555,830
555,901
555,951
556,625
556,735
556,775
557,666
557,714
557,750
557,811
557,927
558,709
558,727
558,743
558,966
559,580
559,688
559,732
559,759
559,770
559,876
560,782
560,784
560,855
560,859
560,978
561,605
561,739
561,883
561,983
562,578
562,747
562,820
562,996
563,610
563,668
563,747
563,769
563,802
563,842
563,844
563,920
564,624
564,939
565,596
565,834
565,908
566,654
566,845
566,886
567,746
567,772
567,839
567,870
568,641
568,759
568,942
569,601
569,934
570,630
570,876
571,821
572,652
572,663
572,669
572,826
572,902
572,950
573,627
573,791
573,840
574,682
574,767
574,851
574,871
574,906
574,932
575,650
575,711
575,773
575,896
575,992
576,630
576,665
576,668
576,720
576,767
576,791
576,858
576,968
577,626
577,674
577,693
577,948
578,633
578,670
578,705
578,917
579,683
579,766
580,598
580,703
581,637
581,765
582,640
582,658
583,651
583,675
583,719
583,889
583,987
584,742
584,878
584,975
584,987
584,997
585,616
585,677
585,684
585,693
585,742
585,776
585,808
585,867
585,886
586,824
586,936
587,666
587,721
587,810
587,955
588,834
589,597
589,670
589,870
589,903
590,638
590,833
590,887
590,939
591,606
591,609
591,947
591,985
592,597
592,630
592,790
592,962
593,752
593,816
593,931
594,849
595,691
595,746
596,605
596,748
596,874
597,711
597,754
597,982
598,672
598,843
598,897
598,928
598,950
599,637
599,649
599,655
599,686
599,775
599,835
599,964
600,822
601,654
601,726
601,795
601,800
602,733
602,788
602,800
602,830
602,847
602,857
603,980
604,625
604,654
604,849
604,912
605,662
605,665
605,703
606,723
606,800
607,612
607,652
607,674
607,716
607,859
607,925
607,946
608,705
608,812
608,830
608,877
608,916
608,946
609,679
609,887
609,949
609,994
610,758
610,805
610,845
610,941
610,951
611,737
611,829
611,846
612,656
612,726
612,785
612,858
612,872
612,934
612,953
613,770
613,901
613,920
614,689
614,715
614,747
614,831
615,680
615,736
615,757
615,894
615,898
615,924
616,633
616,744
616,883
616,966
617,690
617,812
617,845
617,919
617,951
617,966
617,980
618,648
618,671
618,755
618,891
618,908
618,930
618,961
619,649
619,699
619,705
619,767
619,815
619,927
620,660
620,698
621,636
621,702
621,707
621,872
621,888
621,892
622,776
623,778
623,958
623,977
624,679
624,745
624,858
624,871
624,964
625,629
625,662
625,668
625,844
625,966
626,692
626,702
626,731
626,774
626,813
626,845
626,894
626,917
627,670
628,850
628,860
629,712
629,777
629,790
629,863
629,920
630,787
631,746
631,970
632,785
632,821
632,963
633,648
633,703
633,751
633,818
633,941
634,776
634,797
634,896
635,755
635,794
635,891
635,896
636,825
636,948
637,907
637,984
637,993
638,898
639,782
639,832
640,734
640,913
640,960
640,977
640,993
640,996
641,715
641,909
641,925
642,704
642,965
643,669
644,821
645,718
645,783
645,849
645,858
645,994
646,663
646,681
646,762
646,868
646,895
647,819
647,914
647,970
647,975
648,720
648,733
648,912
648,919
649,655
649,669
649,803
650,716
650,739
650,814
650,873
650,934
651,857
651,868
651,890
651,978
651,997
652,735
652,780
652,950
652,970
653,742
653,786
653,859
654,730
654,853
654,934
655,947
656,738
656,938
657,810
657,908
658,757
659,692
660,727
660,777
660,892
661,669
661,699
661,780
662,708
663,788
663,846
663,923
664,668
664,705
664,849
665,687
665,703
665,730
665,768
665,772
665,786
665,811
666,717
666,785
666,789
666,809
667,688
667,768
667,776
667,786
668,758
668,771
668,773
668,797
668,813
668,946
669,741
669,754
669,768
671,709
671,714
671,881
672,727
672,793
672,831
672,836
672,869
673,742
673,748
673,833
673,862
673,944
674,798
674,803
674,862
675,985
676,843
676,857
676,867
676,896
676,909
677,777
677,929
677,937
677,958
678,798
678,984
679,691
679,764
679,833
680,743
680,762
680,842
680,955
680,990
681,722
681,745
681,844
681,874
681,886
681,918
681,956
681,966
681,987
682,731
682,742
682,814
682,827
682,909
682,934
682,967
682,974
683,762
683,819
683,927
684,745
684,757
684,770
684,878
684,899
684,902
684,942
684,963
685,776
685,928
686,747
686,814
686,855
687,791
687,865
687,971
688,786
688,909
689,755
689,803
689,988
690,760
690,808
690,971
691,712
691,798
691,954
691,961
692,709
692,777
692,996
693,794
693,853
693,903
695,754
695,799
695,889
696,716
696,761
697,729
697,799
698,710
698,780
698,818
699,717
699,814
699,872
699,983
700,747
700,783
700,803
701,722
701,742
702,771
702,777
702,832
702,887
703,720
703,737
703,777
703,815
703,953
705,782
705,925
706,708
706,738
706,846
706,892
707,731
707,959
708,930
709,793
709,997
710,733
710,902
711,760
711,892
711,921
711,924
711,973
712,854
712,913
713,768
713,887
713,908
714,767
714,810
714,943
715,904
715,906
715,921
715,922
716,824
717,859
717,901
717,933
717,939
717,952
718,756
718,780
718,892
719,771
719,861
719,982
720,780
720,825
721,860
722,840
722,920
723,841
724,725
724,931
724,984
725,879
725,957
726,778
726,790
726,844
727,987
728,775
728,829
729,759
729,816
729,863
730,914
731,759
731,760
731,806
731,818
731,992
731,997
733,950
734,939
735,814
736,756
736,877
736,891
737,955
738,824
739,908
740,755
740,800
740,832
741,814
741,820
741,919
742,801
742,867
742,940
743,759
744,856
744,881
744,895
745,767
745,797
745,835
745,839
745,990
747,791
747,927
747,970
748,857
748,900
749,819
749,874
749,894
749,995
750,782
750,787
750,821
750,885
751,885
752,764
752,818
752,871
752,880
752,988
754,778
754,898
755,896
756,906
757,772
757,805
759,761
760,792
760,964
760,973
761,768
761,838
761,891
761,994
762,824
762,834
762,965
763,777
763,936
763,962
764,817
764,822
764,913
765,888
766,920
766,978
767,794
767,926
767,986
768,826
769,774
769,869
769,923
770,793
770,796
770,979
771,840
771,876
771,932
772,944
773,816
774,856
774,954
775,883
775,921
775,963
775,990
776,792
776,890
776,960
777,816
778,810
778,842
778,843
778,957
779,995
780,796
781,964
782,999
783,942
784,805
784,918
785,895
785,945
786,880
786,995
787,793
787,988
788,965
788,985
789,988
790,937
791,844
791,915
791,996
792,886
792,964
793,822
793,828
793,938
793,958
794,875
794,969
795,830
796,908
796,967
798,837
798,930
799,876
799,949
799,999
800,882
800,919
801,870
801,890
801,971
802,816
802,900
802,908
802,930
802,997
803,899
803,980
806,918
806,946
806,983
807,844
807,887
807,987
808,906
808,922
809,887
809,981
809,986
810,965
812,980
812,994
813,948
814,979
815,819
815,880
815,930
815,979
816,930
817,968
818,981
819,826
819,908
819,916
819,924
820,830
820,899
822,956
823,829
823,901
823,951
823,962
824,957
824,996
825,870
825,922
825,960
826,831
826,875
826,992
827,882
827,892
827,909
828,833
828,876
828,950
830,853
830,884
830,937
832,877
832,952
833,852
833,908
833,921
833,940
834,910
834,945
835,959
836,884
836,949
837,841
837,890
838,923
838,924
838,978
839,841
839,891
839,952
839,967
840,909
840,922
841,853
841,854
842,872
842,887
843,899
844,875
844,896
844,949
845,865
847,994
848,870
848,939
850,958
852,935
852,958
853,884
853,951
854,904
855,882
858,987
860,989
861,893
861,938
862,916
862,971
863,871
864,941
866,938
869,891
870,890
870,941
871,897
871,921
871,940
871,967
872,940
873,911
874,880
875,981
876,921
876,979
877,891
877,902
877,996
878,949
879,907
881,883
881,953
883,995
885,928
886,887
887,990
889,950
889,994
892,949
892,983
893,939
893,982
894,943
894,983
895,969
895,974
895,984
898,985
899,982
900,982
901,902
904,936
905,931
905,978
906,965
907,923
907,928
907,938
909,969
909,976
911,961
912,922
913,972
913,991
915,946
916,969
917,919
917,986
918,978
919,981
919,999
920,924
920,957
922,933
922,935
922,990
925,969
926,980
927,971
927,973
927,986
930,942
931,977
935,961
936,983
937,970
942,946
944,981
945,970
946,967
946,987
947,996
948,963
948,983
950,952
951,962
952,960
952,987
953,961
956,964
958,986
960,994
961,973
962,973
964,970
964,976
965,995
967,989
968,987
970,984
994,997

